{
    "0.2": {
        "reward": 7.0,
        "iteration": 341,
        "time": 0.09178781509399414,
        "avg_reward": 0.7,
        "num_wins": 7
    },
    "0.3": {
        "reward": 8.0,
        "iteration": 341,
        "time": 0.08562231063842773,
        "avg_reward": 0.8,
        "num_wins": 8
    },
    "0.5": {
        "reward": 9.0,
        "iteration": 341,
        "time": 0.08587527275085449,
        "avg_reward": 0.9,
        "num_wins": 9
    },
    "0.8": {
        "reward": 8.0,
        "iteration": 341,
        "time": 0.08800935745239258,
        "avg_reward": 0.8,
        "num_wins": 8
    },
    "0.9": {
        "reward": 6.0,
        "iteration": 341,
        "time": 0.0872030258178711,
        "avg_reward": 0.6,
        "num_wins": 6
    }
}