{
    "0.2": {
        "reward": 3.0,
        "iteration": 11,
        "time": 0.003167867660522461,
        "avg_reward": 0.3,
        "num_wins": 3
    },
    "0.3": {
        "reward": 5.0,
        "iteration": 21,
        "time": 0.005675077438354492,
        "avg_reward": 0.5,
        "num_wins": 5
    },
    "0.5": {
        "reward": 4.0,
        "iteration": 21,
        "time": 0.00572657585144043,
        "avg_reward": 0.4,
        "num_wins": 4
    },
    "0.8": {
        "reward": 4.0,
        "iteration": 51,
        "time": 0.01376032829284668,
        "avg_reward": 0.4,
        "num_wins": 4
    },
    "0.9": {
        "reward": 7.0,
        "iteration": 81,
        "time": 0.021665096282958984,
        "avg_reward": 0.7,
        "num_wins": 7
    }
}