{
    "0.1": {
        "max_reward": 4.396612561750176,
        "max_avg_reward": 1.0256410256410253,
        "number_of_iterations": 1,
        "time": 0.0029921531677246094
    },
    "0.2": {
        "max_reward": 4.882699462587847,
        "max_avg_reward": 1.0581163015019979,
        "number_of_iterations": 1,
        "time": 0.0006413459777832031
    },
    "0.3": {
        "max_reward": 5.491933371342282,
        "max_avg_reward": 1.117875197107211,
        "number_of_iterations": 2,
        "time": 0.0013287067413330078
    },
    "0.4": {
        "max_reward": 6.277573529411765,
        "max_avg_reward": 1.2129166666666666,
        "number_of_iterations": 2,
        "time": 0.001337289810180664
    },
    "0.5": {
        "max_reward": 7.329153605015673,
        "max_avg_reward": 1.3607899686520375,
        "number_of_iterations": 3,
        "time": 0.002038240432739258
    },
    "0.6": {
        "max_reward": 8.809994353472616,
        "max_avg_reward": 1.5995920948616602,
        "number_of_iterations": 3,
        "time": 0.002052783966064453
    },
    "0.7": {
        "max_reward": 11.054551483999337,
        "max_avg_reward": 2.0179382910208368,
        "number_of_iterations": 5,
        "time": 0.0034575462341308594
    },
    "0.8": {
        "max_reward": 14.883720930232563,
        "max_avg_reward": 2.8802364737488393,
        "number_of_iterations": 6,
        "time": 0.0043447017669677734
    },
    "0.9": {
        "max_reward": 23.172433847048566,
        "max_avg_reward": 5.47896777630832,
        "number_of_iterations": 10,
        "time": 0.0073394775390625
    }
}