{
    "0.1": {
        "max_reward": 4.396612561750176,
        "max_avg_reward": 1.0256410256410253,
        "number_of_iterations": 1,
        "time": 0.009046792984008789
    },
    "0.2": {
        "max_reward": 4.882699462587847,
        "max_avg_reward": 1.0581163015019979,
        "number_of_iterations": 1,
        "time": 0.0006673336029052734
    },
    "0.3": {
        "max_reward": 5.491933371342282,
        "max_avg_reward": 1.117875197107211,
        "number_of_iterations": 2,
        "time": 0.0013556480407714844
    },
    "0.4": {
        "max_reward": 6.277573529411765,
        "max_avg_reward": 1.2129166666666666,
        "number_of_iterations": 2,
        "time": 0.001436471939086914
    },
    "0.5": {
        "max_reward": 7.329153605015673,
        "max_avg_reward": 1.3607899686520375,
        "number_of_iterations": 3,
        "time": 0.0022516250610351562
    },
    "0.6": {
        "max_reward": 8.809994353472616,
        "max_avg_reward": 1.5995920948616602,
        "number_of_iterations": 3,
        "time": 0.002123594284057617
    },
    "0.7": {
        "max_reward": 11.054551483999337,
        "max_avg_reward": 2.0179382910208368,
        "number_of_iterations": 5,
        "time": 0.0034863948822021484
    },
    "0.8": {
        "max_reward": 14.883720930232563,
        "max_avg_reward": 2.8802364737488393,
        "number_of_iterations": 6,
        "time": 0.004411935806274414
    },
    "0.9": {
        "max_reward": 23.172433847048566,
        "max_avg_reward": 5.47896777630832,
        "number_of_iterations": 10,
        "time": 0.007239341735839844
    }
}