{
    "0.1": {
        "max_reward": 4.0,
        "max_avg_reward": 0.012876431218540586,
        "number_of_iterations": 10000,
        "time": 0.3968358039855957
    },
    "0.2": {
        "max_reward": 4.0,
        "max_avg_reward": 0.015753701841697623,
        "number_of_iterations": 10000,
        "time": 0.3665785789489746
    },
    "0.3": {
        "max_reward": 4.0,
        "max_avg_reward": 0.015238322921184731,
        "number_of_iterations": 10000,
        "time": 0.36655259132385254
    },
    "0.4": {
        "max_reward": 4.0,
        "max_avg_reward": 0.01646520773102308,
        "number_of_iterations": 10000,
        "time": 0.4320082664489746
    },
    "0.5": {
        "max_reward": 4.0,
        "max_avg_reward": 0.017954658416533733,
        "number_of_iterations": 10000,
        "time": 0.36431312561035156
    },
    "0.6": {
        "max_reward": 4.0,
        "max_avg_reward": 0.021038990135880436,
        "number_of_iterations": 10000,
        "time": 0.36153435707092285
    },
    "0.7": {
        "max_reward": 4.0,
        "max_avg_reward": 0.0263292097466712,
        "number_of_iterations": 10000,
        "time": 0.3634645938873291
    },
    "0.8": {
        "max_reward": 4.0,
        "max_avg_reward": 0.03172000091111781,
        "number_of_iterations": 10000,
        "time": 0.36494970321655273
    },
    "0.9": {
        "max_reward": 4.0,
        "max_avg_reward": 0.042376287554165476,
        "number_of_iterations": 10000,
        "time": 0.3618197441101074
    }
}