{
    "1": {
        "reward": 2.0,
        "iteration": 1566,
        "time": 7.158889293670654,
        "avg_reward": 0.2,
        "num_wins": 2
    },
    "10": {
        "reward": 2.0,
        "iteration": 1571,
        "time": 6.25295877456665,
        "avg_reward": 0.2,
        "num_wins": 2
    },
    "20": {
        "reward": 1.0,
        "iteration": 1581,
        "time": 6.846312761306763,
        "avg_reward": 0.1,
        "num_wins": 1
    },
    "30": {
        "reward": 0.0,
        "iteration": 1591,
        "time": 6.376873731613159,
        "avg_reward": 0.0,
        "num_wins": 0
    },
    "40": {
        "reward": 0.0,
        "iteration": 1601,
        "time": 7.093733549118042,
        "avg_reward": 0.0,
        "num_wins": 0
    }
}