{
    "1": {
        "reward": 3.0,
        "iteration": 1000,
        "time": 5.141039133071899,
        "avg_reward": 0.3,
        "num_wins": 3
    },
    "10": {
        "reward": 1.0,
        "iteration": 1000,
        "time": 5.077619791030884,
        "avg_reward": 0.1,
        "num_wins": 1
    },
    "20": {
        "reward": 2.0,
        "iteration": 1000,
        "time": 5.398514270782471,
        "avg_reward": 0.2,
        "num_wins": 2
    },
    "30": {
        "reward": 2.0,
        "iteration": 1000,
        "time": 5.206112623214722,
        "avg_reward": 0.2,
        "num_wins": 2
    },
    "40": {
        "reward": 3.0,
        "iteration": 1000,
        "time": 5.190954923629761,
        "avg_reward": 0.3,
        "num_wins": 3
    }
}