{
    "1": {
        "reward": 8.0,
        "iteration": 334,
        "time": 0.09628653526306152,
        "avg_reward": 0.8,
        "num_wins": 8
    },
    "10": {
        "reward": 7.0,
        "iteration": 341,
        "time": 0.08632850646972656,
        "avg_reward": 0.7,
        "num_wins": 7
    },
    "20": {
        "reward": 9.0,
        "iteration": 341,
        "time": 0.08541750907897949,
        "avg_reward": 0.9,
        "num_wins": 9
    },
    "30": {
        "reward": 6.0,
        "iteration": 361,
        "time": 0.0857391357421875,
        "avg_reward": 0.6,
        "num_wins": 6
    },
    "40": {
        "reward": 7.0,
        "iteration": 361,
        "time": 0.08998703956604004,
        "avg_reward": 0.7,
        "num_wins": 7
    }
}