{
    "1": {
        "max_reward": 22.046134882193297,
        "max_avg_reward": 4.341990333457652,
        "number_of_iterations": 18,
        "time": 0.0453493595123291
    },
    "0.5": {
        "max_reward": 22.433761109622417,
        "max_avg_reward": 4.545533413321878,
        "number_of_iterations": 21,
        "time": 0.03886675834655762
    },
    "0.1": {
        "max_reward": 22.874038588389475,
        "max_avg_reward": 4.81252939769395,
        "number_of_iterations": 28,
        "time": 0.052518606185913086
    },
    "0.01": {
        "max_reward": 23.089675091923866,
        "max_avg_reward": 4.983734089077706,
        "number_of_iterations": 39,
        "time": 0.07143616676330566
    },
    "0.001": {
        "max_reward": 23.147531552539487,
        "max_avg_reward": 5.037052324005546,
        "number_of_iterations": 50,
        "time": 0.09144282341003418
    },
    "0.0001": {
        "max_reward": 23.164724762681562,
        "max_avg_reward": 5.053814646105715,
        "number_of_iterations": 61,
        "time": 0.12130522727966309
    }
}