{
    "1": {
        "max_reward": 22.046134882193297,
        "max_avg_reward": 4.341990333457652,
        "number_of_iterations": 18,
        "time": 0.033509254455566406
    },
    "0.5": {
        "max_reward": 22.433761109622417,
        "max_avg_reward": 4.545533413321878,
        "number_of_iterations": 21,
        "time": 0.03878617286682129
    },
    "0.1": {
        "max_reward": 22.874038588389475,
        "max_avg_reward": 4.81252939769395,
        "number_of_iterations": 28,
        "time": 0.051812171936035156
    },
    "0.01": {
        "max_reward": 23.089675091923866,
        "max_avg_reward": 4.983734089077706,
        "number_of_iterations": 39,
        "time": 0.07192182540893555
    },
    "0.001": {
        "max_reward": 23.147531552539487,
        "max_avg_reward": 5.037052324005546,
        "number_of_iterations": 50,
        "time": 0.09220719337463379
    },
    "0.0001": {
        "max_reward": 23.164724762681562,
        "max_avg_reward": 5.053814646105715,
        "number_of_iterations": 61,
        "time": 0.11317920684814453
    }
}