{
    "1": {
        "max_reward": 22.046134882193297,
        "max_avg_reward": 4.341990333457652,
        "number_of_iterations": 18,
        "time": 0.037552595138549805
    },
    "0.5": {
        "max_reward": 22.433761109622417,
        "max_avg_reward": 4.545533413321878,
        "number_of_iterations": 21,
        "time": 0.0429074764251709
    },
    "0.1": {
        "max_reward": 22.874038588389475,
        "max_avg_reward": 4.81252939769395,
        "number_of_iterations": 28,
        "time": 0.057795047760009766
    },
    "0.01": {
        "max_reward": 23.089675091923866,
        "max_avg_reward": 4.983734089077706,
        "number_of_iterations": 39,
        "time": 0.07918977737426758
    },
    "0.001": {
        "max_reward": 23.147531552539487,
        "max_avg_reward": 5.037052324005546,
        "number_of_iterations": 50,
        "time": 0.1015934944152832
    },
    "0.0001": {
        "max_reward": 23.164724762681562,
        "max_avg_reward": 5.053814646105715,
        "number_of_iterations": 61,
        "time": 0.13193726539611816
    }
}