{
    "0.1": {
        "max_reward": 1.0,
        "max_avg_reward": 0.0010766419319754277,
        "number_of_iterations": 10000,
        "time": 0.7010421752929688
    },
    "0.2": {
        "max_reward": 2.0,
        "max_avg_reward": 0.0010666345742475097,
        "number_of_iterations": 10000,
        "time": 0.7022261619567871
    },
    "0.3": {
        "max_reward": 1.0,
        "max_avg_reward": 0.0011287011768982946,
        "number_of_iterations": 10000,
        "time": 0.6943235397338867
    },
    "0.4": {
        "max_reward": 4.0,
        "max_avg_reward": 0.0012505985362505885,
        "number_of_iterations": 10000,
        "time": 0.6526291370391846
    },
    "0.5": {
        "max_reward": 1.0,
        "max_avg_reward": 0.0014113052653882867,
        "number_of_iterations": 10000,
        "time": 0.7325103282928467
    },
    "0.6": {
        "max_reward": 1.0,
        "max_avg_reward": 0.0016165053343598292,
        "number_of_iterations": 10000,
        "time": 0.6515200138092041
    },
    "0.7": {
        "max_reward": 1.0,
        "max_avg_reward": 0.001960320446275365,
        "number_of_iterations": 10000,
        "time": 0.6263594627380371
    },
    "0.8": {
        "max_reward": 1.0,
        "max_avg_reward": 0.0023522789360610943,
        "number_of_iterations": 10000,
        "time": 0.6470608711242676
    },
    "0.9": {
        "max_reward": 1.0,
        "max_avg_reward": 0.003129501887553057,
        "number_of_iterations": 10000,
        "time": 0.6188900470733643
    }
}