{
    "1": {
        "max_reward": 1.0,
        "max_avg_reward": 0.003125618275254199,
        "number_of_iterations": 10000,
        "time": 0.6645300388336182
    },
    "10": {
        "max_reward": 1.0,
        "max_avg_reward": 0.0032040161553102556,
        "number_of_iterations": 10000,
        "time": 0.8393549919128418
    },
    "50": {
        "max_reward": 1.0,
        "max_avg_reward": 0.00312270975086905,
        "number_of_iterations": 10000,
        "time": 0.7326197624206543
    },
    "100": {
        "max_reward": 1.0,
        "max_avg_reward": 0.0029651426239089354,
        "number_of_iterations": 10000,
        "time": 0.7661747932434082
    },
    "150": {
        "max_reward": 4.0,
        "max_avg_reward": 0.0031060244166875766,
        "number_of_iterations": 10000,
        "time": 0.6343073844909668
    }
}