{
    "1": {
        "max_reward": 1.0,
        "max_avg_reward": 0.00411407632106156,
        "number_of_iterations": 10000,
        "time": 0.7719683647155762
    },
    "0.5": {
        "max_reward": 1.0,
        "max_avg_reward": 0.0013774172785289594,
        "number_of_iterations": 10000,
        "time": 0.7138621807098389
    },
    "0.1": {
        "max_reward": 1.0,
        "max_avg_reward": 0.0009392499985122456,
        "number_of_iterations": 10000,
        "time": 0.6740512847900391
    },
    "0.01": {
        "max_reward": 1.0,
        "max_avg_reward": 0.0007677942135620246,
        "number_of_iterations": 10000,
        "time": 0.7911734580993652
    },
    "0.001": {
        "max_reward": 1.0,
        "max_avg_reward": 0.0009132111374565648,
        "number_of_iterations": 10000,
        "time": 0.6372909545898438
    },
    "0.0001": {
        "max_reward": 1.0,
        "max_avg_reward": 0.0009266097667173724,
        "number_of_iterations": 10000,
        "time": 0.6739513874053955
    }
}