{
    "0.1": {
        "avg_steps_per_game": 14.861386138613861,
        "wins": 0,
        "losses": 101,
        "reward": 2.0
    },
    "0.2": {
        "avg_steps_per_game": 34.136842105263156,
        "wins": 69,
        "losses": 26,
        "reward": 5702.0
    },
    "0.3": {
        "avg_steps_per_game": 34.98936170212766,
        "wins": 76,
        "losses": 18,
        "reward": 5187.0
    },
    "0.4": {
        "avg_steps_per_game": 26.15730337078652,
        "wins": 0,
        "losses": 89,
        "reward": 5138.0
    },
    "0.5": {
        "avg_steps_per_game": 31.872340425531913,
        "wins": 57,
        "losses": 37,
        "reward": 5164.0
    },
    "0.6": {
        "avg_steps_per_game": 35.154639175257735,
        "wins": 75,
        "losses": 22,
        "reward": 4974.0
    },
    "0.7": {
        "avg_steps_per_game": 37.3125,
        "wins": 72,
        "losses": 24,
        "reward": 4911.0
    },
    "0.8": {
        "avg_steps_per_game": 38.41379310344828,
        "wins": 79,
        "losses": 8,
        "reward": 4698.0
    },
    "0.9": {
        "avg_steps_per_game": 36.61052631578947,
        "wins": 78,
        "losses": 17,
        "reward": 4404.0
    }
}