{
    "1": {
        "max_reward": 4.0,
        "max_avg_reward": 0.054185977487085694,
        "number_of_iterations": 10000,
        "time": 0.41626429557800293
    },
    "0.5": {
        "max_reward": 4.0,
        "max_avg_reward": 0.018272303476720455,
        "number_of_iterations": 10000,
        "time": 0.4046785831451416
    },
    "0.1": {
        "max_reward": 4.0,
        "max_avg_reward": 0.01278137269007464,
        "number_of_iterations": 10000,
        "time": 0.4448726177215576
    },
    "0.01": {
        "max_reward": 4.0,
        "max_avg_reward": 0.011993441522146394,
        "number_of_iterations": 10000,
        "time": 0.41228795051574707
    },
    "0.001": {
        "max_reward": 2.0,
        "max_avg_reward": 0.011732016846312298,
        "number_of_iterations": 10000,
        "time": 0.3781712055206299
    },
    "0.0001": {
        "max_reward": 4.0,
        "max_avg_reward": 0.013875262129942006,
        "number_of_iterations": 10000,
        "time": 0.3789241313934326
    }
}