{
    "1": {
        "max_reward": 4.0,
        "max_avg_reward": 0.04267336739736352,
        "number_of_iterations": 10000,
        "time": 0.41995835304260254
    },
    "10": {
        "max_reward": 4.0,
        "max_avg_reward": 0.04273286296153498,
        "number_of_iterations": 10000,
        "time": 0.4483754634857178
    },
    "50": {
        "max_reward": 4.0,
        "max_avg_reward": 0.04203462078484695,
        "number_of_iterations": 10000,
        "time": 0.4273562431335449
    },
    "100": {
        "max_reward": 4.0,
        "max_avg_reward": 0.039302050390316125,
        "number_of_iterations": 10000,
        "time": 0.3943960666656494
    },
    "150": {
        "max_reward": 4.0,
        "max_avg_reward": 0.04299478202412322,
        "number_of_iterations": 10000,
        "time": 0.4396824836730957
    }
}